,karst_azimuths,karst_lengths
0,129.1175544106168,1146.0064847551803
1,68.49856567536507,1377.976155354637
2,143.03944455035654,517.472931866769
3,81.16753273100643,1828.2436296041774
4,134.87239268430142,1781.3121652317739
5,53.13010235288549,1650.732934275392
6,150.72703133712113,1397.7646302102723
7,133.2491458122309,1811.4795144876653
8,101.4724732566741,830.4577271199029
9,73.94001269340498,2115.8883112913127
10,127.34384089469083,2005.489993032637
11,142.57196544402873,1460.4893596675463
12,73.00917670903372,263.1572137697561
13,71.33308572556113,1446.7301907188141
14,118.94001269024103,957.7648608673796
15,74.61481164727509,1377.4892845788618
16,4.222230205634707,435.4819471812966
17,93.5079949755107,1260.4913596180209
18,32.56975952030108,116.60768687567163
19,93.77819770775265,2150.3251436079167
20,41.185925170505634,1033.3399299910977
21,160.90650799461312,742.7031199765581
22,83.65980825256491,967.5636584798582
23,48.16632651877468,1033.1636757502197
24,49.39870533537757,293.3032292192552
25,7.89170242905367,2345.637440194519
26,84.55966796880713,1560.756727509258
27,77.31058786371786,306.8206563803667
28,70.17352452470544,1363.4688063426236
29,130.7946429985694,452.5014415457158
30,128.99517713260803,1513.642935509113
31,36.13537660949281,1351.9106682209756
32,165.63768651053522,1576.3212188047382
33,36.977596353084934,769.8031527110335
34,131.7947840690858,963.7107071820785
35,66.3031978738499,212.92159452652993
36,80.61085243852284,897.3249902001666
37,157.25506942851584,959.0593296041562
38,96.66557398277656,1430.7587546811294
39,103.25284954220736,1638.6782611893989
40,59.920974130882456,582.6486969659785
41,70.96927598276038,506.498728672178
42,14.508288642484729,611.4751412552216
43,55.74378707103168,1490.4369346498502
44,81.82925273931805,817.0036709566394
45,122.61668659353828,815.1991916973465
46,56.68400188921132,1853.3088001773938
47,28.61045966580429,1521.5011001537807
48,68.18085737306134,833.3229390701281
49,41.941742070372676,1219.1711232223556
50,74.38901146596673,2122.1533197337412
51,100.09105723885797,1021.0666774411058
52,77.49400111928774,368.08462946272516
53,126.52885536745782,768.4413967867827
54,83.94034025581392,835.224558999619
55,64.48867299898464,1361.1922723207053
56,8.008066799515472,1320.8086170624022
57,110.48138583202469,1005.0877132036837
58,116.7117750035543,1177.646085838602
59,73.1112199226461,710.6643023410359
60,137.7346998333626,658.7975437663798
61,70.56355019117318,441.19929053967684
62,78.94955750681356,505.2810805839231
63,170.43671617054673,1296.3608013130186
64,177.09618113460897,725.3370461211715
65,74.66494304455175,1266.7597447208368
66,34.92841125591246,1285.438090491772
67,31.896741982521903,1586.9239403585918
68,56.942659700559524,1318.1066012654267
69,64.12761016669836,986.9561728319555
70,57.25502457364462,1145.7033174613623
71,92.84113204156556,1342.5055130096703
72,32.924711416088144,1236.5426345651654
73,70.95209265463885,1053.1587968082993
74,38.754747321135326,554.91452325515
75,36.10513146817494,884.6681675997894
76,50.5539173985317,1090.2558142559312
77,95.35582504289825,963.544161079797
78,134.52844044514873,153.61109986631655
79,106.90515809867968,831.6031464880398
80,53.375347638750895,438.37104161962844
81,76.78725312207405,1167.7705244408207
82,147.99461676381213,1234.0643111694242
83,34.90249561599751,1219.2643750710686
84,115.59539854996486,587.4064977504758
85,158.97754699814317,1284.8013035975564
86,128.0044105764159,940.75781729997
87,54.039482803300146,1635.4187131318986
88,55.02730775245779,1226.9326509011912
89,126.05798418961449,1816.0181559137495
90,83.02723071382154,847.3680712680596
91,64.98684963162552,1465.7982454753785
92,87.1273524106794,375.07126843140816
93,81.97980994101269,884.1984204378887
94,138.0127875039728,919.6572175527368
95,94.02900787383486,1246.0797533084315
96,131.93113638976766,1454.5194796716362
97,30.4567274718178,959.6152937211065
98,32.39442264356838,829.7915752890119
99,5.22819188577861,1247.2464544699592
100,52.01376254837063,2330.5994822566954
101,54.0341687821523,966.4584918927223
102,29.10985555643359,1127.6836945308778
103,29.50072462659366,717.3738768633204
104,19.58839927487128,987.5533578237511
105,24.25715038501104,620.0233109788675
106,166.52503860212485,2524.435398380232
107,157.16634581815885,918.5392599965253
108,125.98067756925352,1080.7636333559087
109,0.0,390.743275566411
110,0.0,809.1987322916921
111,74.5778386813074,1338.878561720555
112,37.0792600978425,1183.6858986654947
113,130.60129464591532,1882.7586982818932
114,126.98876838633053,562.6217871689763
115,74.93151184000945,529.4851477854871
116,167.53937446302672,886.3408596269705
117,113.55226367339299,1027.782878983365
118,50.38931175977728,1173.0198460569175
119,145.10357406577464,1473.1096287830587
120,149.4207731281324,668.1414856796113
121,106.44558444335746,1867.6727056133911
122,143.22158037033282,2105.757740325465
123,39.874229872392654,307.14043812509726
124,147.71600109523663,1098.1416762539154
125,71.31040494479,894.5719557097544
126,0.0,1140.6922704641966
127,155.83337015698257,290.13827293213717
128,123.87331566274285,1039.3734081406071
129,160.24052926499562,1035.2187017862911
130,114.16662984292846,858.8838261838923
131,148.61977057853642,106.78365324961187
132,165.60640702970537,595.43686210327
133,178.29864539308147,1312.6858715290632
134,153.219146531945,1384.0057238943295
135,141.50895643918278,1557.0446400843198
136,168.16322463289046,265.3828572167211
137,177.36900317026502,2230.657384992052
138,156.32946151611947,1173.1255575366376
139,140.2941430076964,1316.4341673076483
140,157.65060119224188,1251.3412544438693
141,99.73537389548937,1424.6088654043235
142,63.07232214862553,1117.3177395442708
143,113.24979316309559,1597.6137649839443
144,51.18293016629879,630.9864690949254
145,31.319074641203592,658.7445128063576
146,122.31961650872083,648.3704314009959
147,51.0958615438913,1493.128537828141
148,48.503531644912194,2412.4481824595396
149,12.677595375772423,18.81380639390267
150,76.67546873784082,2535.7476315152057
151,80.23906211179903,1218.5811636764415
152,40.61767422667165,631.2745530080665
153,25.287968265186997,1271.823632001015
154,73.89993680341938,1597.524331533956
155,53.20721641176522,1355.1528109136527
156,7.125016339153181,136.30089641932352
157,47.748088179947274,1078.981581484753
158,57.80884350196829,703.5037045169357
159,83.82982490511085,863.0757744747525
160,58.68401975204664,814.9515816612255
161,59.45776678139651,576.5184999269912
162,69.4697986130795,981.841995890187
163,82.93327028365313,843.9280976158141
164,29.865250404031475,946.820275357116
165,120.8849453305409,1636.7161256555476
166,178.2590229554811,910.9428233501732
167,166.61887722717503,945.6205265525462
168,126.19320730602233,346.26415745847294
169,178.03259797078923,1335.9556302339297
170,140.49689250541738,532.805267002138
171,103.71093380825468,533.1744109047285
172,143.13010235366554,704.2769818006129
173,171.10745129246746,706.0888851064575
174,107.18958455600203,1736.9822973145829
175,171.10414302972544,498.96013019188587
176,100.63876660941335,1362.3154381327715
177,163.63215439254938,750.4404748385368
178,166.32095751240152,1163.2755801575665
179,92.59563154089902,1657.288937881928
180,26.70722403701357,1184.2992589802116
181,116.96571443301285,1583.7425046125547
182,16.341658195451426,225.2836545736491
183,53.27745508403633,846.065093025044
184,47.290610043676004,748.5705164585447
185,63.11306580722067,156.48628497606794
186,55.07339213690707,1143.1630711821601
187,171.993765340851,1423.5309299486973
188,21.2015522000248,829.1154023165566
189,62.225309735068905,1579.67151953709
190,30.301283569211048,995.6026063372786
191,73.05893702956759,2018.0717506388446
192,48.28453387499374,1937.4408433362826
193,69.41990113792157,1122.7437152722446
194,60.45154879086083,192.91860439152472
195,74.3608202759985,921.8942301539653
196,54.14885298592532,1035.6968554307539
197,52.28464289408708,595.869244383307
198,64.02645291926473,433.1909863927628
199,50.535213607808274,1269.0582546253916
200,97.77251304392186,1621.9970710248297
201,76.24632068045317,582.8445148674776
202,25.37699337652407,1722.2987784333845
203,46.855861980380254,873.6507738975494
204,87.44890491098174,979.7601346435601
205,162.08893813449743,2192.6201067585716
206,156.24515725825444,2102.149653093286
207,76.66803303908534,937.0042981920734
208,116.95859723952765,1048.2942261316246
209,92.98254936592527,1306.220916048054
210,118.07986565884113,886.497508114936
211,58.91377939246875,1002.2300467311691
212,64.97282334970825,486.257024128692
213,143.98947459776733,1433.8487884718086
214,38.93900580539098,1947.7333244362972
215,123.98675334591752,1111.263551389298
216,28.970809776334715,418.05531354661946
217,114.01534997792334,645.3224397133469
218,29.74488132259648,413.06512575923364
219,84.96058922051871,872.5522600668337
220,123.96862275234074,178.74810625688121
221,37.07307331749912,1458.4074100698947
222,112.97170414968174,544.056304509114
223,2.9838478078354376,1371.0567494657882
224,0.0,646.620042165708
225,15.972187363606645,1260.7240946955615
226,65.95001117562832,527.3455526220253
227,124.9792216776011,282.81761239878693
228,92.98082868364203,971.1062437520771
229,137.92942492864398,2007.016034833022
230,92.9383595428101,656.279528488128
231,66.0041898427235,558.922530333245
232,168.96972743831432,1581.1997067096793
233,140.1003163453238,705.5709620379779
234,171.02526125421787,1734.0877021637768
235,110.05321576867846,1008.461392817556
236,48.03832607125104,547.0108888959245
237,86.97758942240898,685.7683185786295
238,140.01672464375946,862.4696047169297
239,65.01595960309204,743.1871227571351
240,110.94146403196547,2051.790961127887
241,133.95994881173652,1604.6888643177192
242,131.98486584693748,1696.4894484423546
243,16.963591459638923,1435.7629876902283
244,126.99033000563233,271.9751040251693
245,47.927347991412006,729.1691962428713
246,123.95338771898231,621.9816533790437
247,137.99568122286004,1604.0764860234758
248,123.98408785141345,1530.3751325124024
249,69.97654950980272,1650.774238512576
250,132.93988897607986,645.6407819122953
251,108.9876240879325,275.2971680438508
252,29.957354808992566,1233.449050416705
253,47.99568122310892,1144.451289178526
254,92.93067250563017,583.7518043589631
255,10.9759290348624,1187.9836256292708
256,76.97188474398364,1213.0987227508217
257,70.95473306837198,523.7422563251187
258,133.9607347706867,913.5864838451347
259,110.95986950551521,651.0045390972953
260,66.00371319440856,718.4291937727115
261,127.95928341275983,805.9597741599422
262,145.95770875840725,503.18352761159537
263,110.97349342133634,460.75069785287855
264,2.920721521455456,1195.719742445616
265,106.98662825771098,347.10179812480726
266,107.0022843579354,296.27579336870474
267,133.90213164093933,231.2936395324234
268,75.015568005284,1293.2416055845147
269,124.97365859057987,1059.0483590731733
270,123.92222095369759,1038.4118750338737
271,127.05064082989422,2300.2461397077495
272,164.9162360219716,1650.4144312086871
273,143.5555582444345,854.1882348661986
274,118.55962047897427,297.59869846857447
275,105.58893567489501,602.1339240459141
276,28.436264774682243,108.27125712875322
277,78.61175899230197,760.8097276233692
278,110.57536274399192,749.2955584565802
279,72.54513220677545,1450.3116066043654
280,125.51043301071041,563.5096318641965
281,69.64309521800402,1731.2466854086772
282,69.54439527266597,426.57609088341155
283,19.35899417620972,283.1319949454698
284,165.61860540894025,2279.123088696275
285,34.56592398308522,1849.1671339967208
286,73.55139187319206,1267.570468575478
287,150.3912129345967,692.3723855581765
288,48.454607947115456,442.58227781336024
289,82.62146415707153,354.6392108995616
290,84.53812415358769,1281.8748348081756
291,9.286927512760386,1152.1189511114937
292,6.616737898753271,858.6913778835575
293,86.67075646633903,1210.4054622304595
294,0.0,932.6231995309913
295,44.461184101347136,1054.8611606524978
296,94.27278076778452,2105.009080024614
297,83.49104355952338,1314.9271339928512
298,151.61664585901372,1666.0833296060348
299,0.0,977.6620742512696
300,100.72038024595008,1443.8251540435203
301,24.274441132614772,797.8488902060902
302,100.45307134385537,919.6950827603071
303,84.52263127105485,1723.7563137714703
304,164.39916219169513,1739.1727892063614
305,118.53408570475726,888.0558592317066
306,164.55368363219122,1241.024530409556
307,105.45692817110562,392.2670967575632
308,31.42956561444297,2583.8353455015645
309,114.54161794628867,938.7627547175726
310,41.62114569996872,384.1715041628695
311,122.570276981476,230.58436030533818
312,18.50775155394394,824.5868182549145
313,56.59743576459061,1049.5617900535199
314,45.48308955960895,88.79432840072712
315,60.61584287394727,1475.0940508599715
316,93.49705973922646,1098.7993985989533
317,52.513177260111064,777.0522248964888
318,84.28940686217017,888.2088317227569
319,108.95818340580585,533.1405766650805
320,82.56017484384222,1100.2692539962675
321,59.555965964943695,986.6657192315491
322,129.72379791418402,470.2229361503861
323,68.3809153703919,1230.79323859337
324,155.61659022708818,1645.9196950376488
325,75.48443882766612,1828.4369373890725
326,117.60667785304204,1518.569352588216
327,49.425834036198765,978.0471067443705
328,92.5238002458343,610.5021688939568
329,48.59804006133946,703.134627748117
330,88.51598532440501,1143.0180420958168
331,59.62771364272964,1037.1956690937654
332,141.6270594326848,758.4112754223627
333,156.50780264382044,348.04542196503155
334,126.57930446939626,416.5477861737905
335,95.65621563446541,1216.1207818970154
336,147.57244500428234,894.1026611074919
337,32.535067158510465,1217.056369389009
338,72.57147791532931,1294.8763403800376
339,106.61138659034042,1445.5996162001463
340,36.593886390818085,414.88494537552987
341,144.57263354553086,937.5761491073283
342,29.47900951789209,843.5380127216494
343,80.57529812793244,1284.6896238627778
344,150.51614550498118,1139.4226057871151
345,144.53580600432824,416.0463452178002
346,155.58635296045875,1025.566387101467
347,92.74020846002551,997.6311758949375
348,122.0372815342796,785.0890144826965
349,56.065453338321305,471.020186619229
350,132.02197934820646,1144.8923562744635
351,103.96214615454211,466.6716675607601
352,117.20164475309052,512.2726887581337
353,60.47347046423998,971.9514235712435
354,65.23438412220185,1202.0289962978222
355,85.84944781455235,1860.642904716733
356,67.38203528347144,1269.4515439378617
357,50.687991253170594,979.8472892238467
358,150.45883617173675,1508.1339318334506
359,39.85258107479686,1066.2282571784801
360,68.58703052495846,1944.9457454566618
361,132.05490368043445,2242.743797256065
362,83.49989487606815,1081.137479897221
363,64.42009661541431,2053.3066913899356
364,18.823242589394038,2038.8201261878348
365,165.7366707903877,418.5821338178634
366,113.62937773060214,1965.260336758183
367,50.1003163452552,1947.572121756097
368,110.2057894436866,1625.0655920585548
369,87.0549036805475,1947.0026141142237
370,113.55419262886019,380.96313892704404
371,63.83387798827329,1792.1906006218694
372,132.0161521920173,1151.195727795758
373,68.5870305252054,1093.145693171423
374,156.33770447501578,861.888209963814
375,23.662295524984224,1379.7071362693814
376,57.27024819580208,384.50065020077966
377,125.71105834606585,408.26477084590744
378,63.82324258892319,949.7626650662745
379,87.0616404571586,26.623184357106872
380,40.84944781461182,767.9912787838452
381,75.73667079033949,1005.0589428238019
382,47.97420709135551,1170.565478891393
383,11.013246654135388,1705.6382017305464
384,73.00207627286223,1882.8493858469838
385,150.44533401436908,87.25886919552197
386,42.05962265984506,294.7606079029912
387,84.17626440583703,45.48940817114617
388,87.00007783291566,1313.6630574322728
389,113.6293777301101,1774.769123298393
390,71.08626750680084,1344.3330593310113
391,77.57605747596341,1102.1260700721696
392,26.93189923452685,938.7537662936467
393,87.00007783291566,440.2129438980346
394,24.765615877888266,143.9801388618726
395,15.418295988543376,1641.8917235286626
396,117.42156878948613,1507.5573295236786
397,60.472327110031955,203.15494219930096
398,105.44337340640337,1324.237157359548
399,47.965905138493426,1550.3916435116485
400,81.30109541689201,1111.890004733888
401,76.74443491238038,1274.9221650765307
402,24.74892697080918,886.6584402639229
403,42.02197934806013,1549.535708821204
404,71.08626750680084,1658.4148532501808
405,30.754394079617494,511.46475748013165
406,68.69529986711959,1115.6812498435934
407,39.852581074762625,713.882998830259
408,116.17675741107682,701.4019396301802
409,164.58170401015167,1068.8027842353329
410,78.96972743828626,1813.8041405345232
411,66.42286129512469,1978.8833779995234
412,119.5469490926793,719.5094348593628
413,34.98564266321857,2344.71860229951
414,56.10621500523693,2113.7019456712505
415,74.50072462344995,919.4126206567535
416,2.940377340899352,1653.7081269384942
417,80.47216698177682,1704.5814675880035
418,42.02197934806013,2622.041117398428
419,47.93567344660228,2331.6085645741036
420,32.713338161979436,612.4679489983351
421,60.48265690741708,434.6924437391987
422,125.71105834606585,941.8078711793607
423,15.387441283570377,698.1364824844643
424,134.59028932798003,1743.4199850324296
425,66.41296947496592,1194.954895510341
426,20.189131450116893,1103.6728212188991
427,41.62877183958508,2329.503674428612
428,74.54116382813505,1389.7194909655584
429,11.07574097054862,1392.7207793850841
430,60.45883617153053,859.1479487798887
431,33.93454666200975,1201.5499458863858
432,0.0,615.5945751034377
433,135.03062307546452,1140.4067230108528
434,0.0,457.6169932177798
435,150.02354389293296,616.348823109234
436,0.0,1136.9649741299654
437,154.0477145456709,515.641107692937
438,132.051006083626,1009.6418407611877
439,87.00091306460735,1057.8969934970664
440,143.04289423350855,1243.8859389522788
441,115.00490082037572,1374.306835676588
442,167.93771891765044,700.5604172584946
443,117.99959158120909,1687.1538856748775
444,0.0,416.8701732273391
445,171.06940989935802,972.6758856894113
446,104.9822643276778,1852.4848105543842
447,145.9633896456732,298.43476751833515
448,128.98458009649138,1687.6647074074738
449,124.96196734034363,1570.1887676351128
450,0.0,1421.0330750640965
451,82.00001652771175,1395.4794374630392
452,136.89651830288966,904.4410759887681
453,0.0,905.291538423785
454,99.9938449109537,611.7268770094922
455,98.9598585953238,99.14157760102313
456,8.042894232599084,1179.8175792917284
457,98.74616226191262,439.4516214009758
458,102.97319247041636,693.6966632290521
459,102.9946167967567,1221.4690732274705
460,180.0,2300.6663309081287
461,0.0,131.8841661802336
462,76.98780242330886,2435.789159073795
463,176.97244349298714,298.34064555574014
464,162.99913831942717,495.53141421812376
465,177.0465390476551,1023.8729212668491
466,109.01614608520839,1983.5118085178526
467,132.00091306449775,1271.7480464361036
468,169.93857764367394,1456.580822129411
469,145.0170714836063,1171.7484605706202
470,161.07535558464917,925.0785245150684
471,153.00773054628047,1290.048253615956
472,103.93707302667539,1897.5127522351645
473,132.02559243804723,1657.1432447934526
474,172.97922085479482,2089.0873855804434
475,86.98174481964125,472.68740226750344
476,177.00091306478683,1771.4536307635535
477,144.96835617078278,1006.9916868023532
478,87.0643265534634,728.2656507427139
479,53.06693173010222,1121.6872070044608
480,138.01877202250807,432.6572771148361
481,119.04008045456786,1465.3915697448947
482,78.94358701980487,1747.285384851843
483,109.03391786175372,1874.5953314539406
484,130.05039066545564,1086.0791152758359
485,117.95527946609921,1203.616566865665
486,128.05441603185852,835.2332068404994
487,107.30560840692594,369.4186972141695
488,0.0,1264.5850798855545
489,99.68292089900743,1998.6299856183834
490,0.0,1239.9422522379634
491,0.0,261.06776582488925
492,152.68439202610736,599.6321490813568
493,148.7476829447586,2038.5398625900707
494,0.0,1088.8496253825094
495,159.655898743147,379.5607307667745
496,53.66060367070828,830.845534199902
497,0.0,326.3184814441856
498,18.758650347083783,1212.5452666655647
499,21.908704827969938,480.8381667261383
500,8.5307656112528,1830.2567802520757
501,121.23921488947006,2310.136998561508
502,0.0,2007.2559428024788
503,64.716740335074,1571.9725348623522
504,17.447188421155463,311.1387442875088
505,63.434948820698644,502.7272941622562
506,63.70627645337256,1509.5702725494114
507,109.04324213999676,797.1931344449594
508,69.01622844859229,2332.9336537716276
509,92.01946584260287,1368.7677807515097
510,64.03768756460742,1506.3069676365094
511,105.00390173678167,1095.2741132606238
512,127.06866798293628,555.3778909991474
513,121.00977722932622,462.2074119596015
514,84.98576418439734,1234.7154648495061
515,63.02042226237508,945.6184099271359
516,55.05025826117746,1150.6442544250974
517,128.99828636556603,692.6983300907906
518,101.00538185732576,634.5909020031971
519,136.05072182161211,1588.3816255658226
520,56.01642740810643,194.9689801469324
521,60.05705111564948,418.6460279135348
522,126.99391429047834,807.6877142936056
523,66.08375458233981,486.6796347874395
524,97.93634622954038,495.6946333430979
525,137.9108378253077,145.42164941106654
526,123.90627698904024,1191.389665726255
527,100.0145761380728,1940.2072748446835
528,140.71059313873792,763.8077479809577
529,107.81888891396198,737.6876955115177
530,118.58049325726951,575.3356660711518
531,166.83274830493426,852.117939652127
532,115.81236785430985,911.1180392259658
533,178.4413157923395,891.9201696589886
534,109.88516511384877,739.7207670324802
535,114.19320898730699,1341.7304117507974
536,151.6571830314237,1531.3956892625863
537,91.1792698638977,1581.0051957098149
538,17.576649293185742,1287.9832539493234
539,54.619727799902584,628.1780774399716
540,6.581944654348121,1250.3562433464729
541,83.2464259645402,151.05027518869463
542,11.243541104663986,2298.0804368350714
543,94.95027223424556,1949.6614934604743
544,37.332190884213674,724.3911282708948
545,131.50882857059378,579.8188193470743
546,155.58445165411882,840.452529097616
547,83.40326170204868,1746.8381523016553
548,62.54900222912314,1220.083922633559
549,152.86486037946045,1423.7796742832063
550,171.0273733825873,1021.7483667906411
551,124.64094751564762,1417.3261349872528
552,118.14160123222668,2218.1979417801085
553,147.6440908116936,1782.8216440175127
554,148.15953017585656,697.1849289225454
555,119.08338148552491,927.957008798791
556,150.5928109349783,95.7504345684453
557,91.77146974001637,1960.1893431728563
558,174.1226073943739,1112.9424276083462
559,122.50398895549749,408.4017746931062
560,167.97589119797257,614.873367173395
561,126.67975748245456,504.0743002827795
562,114.9284741367262,1070.2261473372068
563,142.72975016104513,1157.9504164312195
564,154.73268949651901,873.5033738273886
565,173.91147184897045,535.8086856898236
566,54.05788813080369,1332.7925440667225
567,127.19756601582954,289.67885115362986
568,55.653902598675444,160.39130762017305
569,101.68936917523548,1045.0701053577209
570,152.35402463931746,1034.0536736262484
571,139.25065457468529,208.62070258683957
572,107.70972452322161,1041.5258079949983
573,108.391641363873,1900.995403622381
574,158.1985905085746,1732.0008474506599
575,172.80076636192334,663.9803763951465
576,139.57392125733816,931.5920265223328
577,134.46454101239658,430.29492242932895
578,172.54975092954427,235.4845400737321
579,119.3140940800623,121.56555194571476
580,147.84770485789807,530.018096824869
581,160.97439395631767,1403.1523308995463
582,97.85331329974059,1312.0860138142011
583,136.84761026707798,1022.2493526289979
584,96.03768252123994,970.5527630984411
585,174.46766642590327,1823.466288737513
586,158.316523340948,1174.7871652307447
587,119.1676133797669,1005.0330161670603
588,178.57502572948104,547.378751867773
589,168.1492172034541,1021.6126721139889
590,86.52008249553309,933.0717771859303
591,155.41726678640507,795.227276213371
592,169.4220295344735,678.7044226273948
593,114.1455419591999,1524.2647551243704
594,147.87500156941195,1968.088738875445
595,139.2845136178346,1480.5927327852096
596,93.07745539981848,1547.6838540369756
597,164.79759129079636,803.1342011972808
598,99.61211475472435,1879.3785050643285
599,175.19651423927053,1868.7452979768707
600,146.08256946149356,1777.1757977057318
601,167.99010192481643,1638.146589028901
602,168.69006752696433,1918.0829902472767
603,172.33650533824715,1460.0488547074876
604,161.15062238638598,646.3349415384562
605,179.67538149288615,810.6083044449464
606,179.54767429535227,567.879525169215
607,137.7263109944093,1421.7828349936017
608,166.8399193529216,457.74887060981894
609,168.14565423005607,180.67751232063924
610,143.02240364675797,903.0711176155454
611,169.94566439997922,714.8692373981153
612,138.24613368781334,1639.2637185786502
613,87.34931031646406,1258.262133374963
614,163.3007557660064,695.4087342818431
615,143.40891173326705,209.15718638104977
616,178.06669930468416,200.4117337251168
617,179.48615028316806,1196.8487647056716
618,157.2175942618072,379.2500637071411
619,147.95861567798758,527.5966059825467
620,81.54731762683197,1394.1926903394892
621,143.91492695776577,572.9535864333733
622,94.05469066944283,1140.1337161672654
623,115.10998998659295,1392.506902153586
624,84.48852258373785,662.8358610385379
625,165.2947279421036,1563.2792789588427
626,163.11685410889308,1240.571302470413
627,98.8806591504496,107.33449228339661
628,168.55697652309001,1074.1108496632694
629,179.21607018221883,906.1352776641205
630,170.10449073631708,528.5573371826349
631,175.61213995700547,2275.502723897223
632,59.247354448973056,1330.3411439362471
633,136.39718102828778,1445.8816693495364
634,71.39752013581115,2344.075801261958
635,30.986340598431084,1213.4285314162773
636,27.58202920890126,760.1896649203233
637,129.0118516228775,413.4170650145397
638,79.47720241128997,901.4239304914024
639,140.0373685020325,336.39574208140994
640,175.0202394618985,1424.555074876159
641,123.04380276245425,874.9716218569697
642,161.97350412448344,1832.6795270438226
643,167.04415478203487,649.6837939776333
644,99.9874215751215,1787.4760748642345
645,152.0471970081954,556.1348626592653
646,152.02052561177584,1204.7600486212668
647,151.99345552352682,793.9537169707544
648,156.0472304112036,2136.9856811047916
649,60.03563921316425,1250.7564440540546
650,96.02083171162654,292.5865062150134
651,76.06078570177851,796.0952575505282
652,87.93727245187047,1814.1314936851288
653,7.917503035597821,717.7837345349876
654,128.29016320070878,1378.4709580772299
655,71.23918374689337,897.0764982740877
656,119.00579427076056,1143.5261637568944
657,86.33806442440049,860.3770368319999
658,161.56505117753485,257.1108242156626
659,73.67106444503386,981.2058439739722
660,5.019853642212194,1385.3777573254633
661,164.41703962120906,584.1285935730881
662,28.681253426561565,230.82323431104751
663,51.08074093251129,1006.3040601837449
664,116.23904741526911,316.7212281280717
665,18.74975763014751,1701.5899474552311
666,45.33769223554437,842.4138306981398
667,146.30993247188235,650.6868663060905
668,169.01587267202046,1450.7397672490356
669,126.48829486248106,449.90093503023314
670,142.56532106727465,897.4995092822932
671,57.66981426617058,740.7817714484476
672,78.82616175869896,406.1356820688198
673,78.93358181947256,434.34232342844746
674,158.34766853011175,912.0797803820443
675,58.27064387589873,1252.700372689423
676,107.20297141987375,576.916792211345
677,143.7461622602419,417.7099163447351
678,33.42657320791509,1009.5917874203218
679,116.0805318219401,935.2876695700869
680,138.79116568847684,1588.227053402351
681,119.85901616361127,2565.7658936984344
682,92.4895529213699,1837.682515117481
683,46.48401467543283,17.993813273033293
684,97.84342107498472,1628.9043223550987
685,45.192914353921985,1492.431257879749
686,47.96557609453481,1174.6413033981912
687,70.40118867626335,1493.3705334948086
688,47.95077910772928,1954.7603067042771
689,38.875813940679286,937.1432033095558
690,61.82806290683632,712.4273427492448
691,43.85040620506094,1254.9531569969472
692,56.346172684019415,279.9169882167168
693,133.1970961695588,760.9181835250095
694,124.50852298728378,545.7190615312647
695,127.57888406790343,1570.0192656477714
696,118.01265086408432,473.80482467427953
697,134.70415523030195,460.0557933848398
698,179.43273358961903,1754.4064326823561
699,112.84061430679911,34.00465033793376
700,145.7509669917026,1063.279956977188
701,109.88677649233144,300.568707487879
702,174.40639654912354,234.71686291751323
703,13.250285686565931,708.0721137939618
704,120.02663658062549,1275.8066532478822
705,105.97352342950172,2359.7273156699994
706,50.48615642409191,309.2105903066339
707,115.96195998231966,317.7592507790007
708,15.945395900994363,619.172107388293
709,60.4520106403438,1040.9121318998893
710,107.18354101647581,2294.2986190510287
711,29.31753657748511,1191.9086076648775
712,122.77908066811017,1553.9119382734457
713,153.33832871400358,1302.4308776413968
714,84.20303138110224,1554.9857325623148
715,52.4913251037793,1388.741001871773
716,66.9537465027008,405.02441841017503
717,53.00299046179246,1213.247261447264
718,150.11716765392393,623.1895598027043
719,113.52320902008772,1186.9356478649054
720,22.064352934400866,1139.5601979150956
721,74.2404778323456,1074.3869921012931
722,35.20707997933703,1083.1208352809813
723,106.7257884894416,852.6220579819968
724,116.07766972345166,1243.2263822695231
725,128.41144531001237,2109.018885545481
726,173.8231988173896,474.5312359994536
727,113.07572627199814,1792.7387370165545
728,0.0,1631.9374895151168
729,159.7385765796882,845.086041387262
730,105.0463918323064,1608.52914789618
731,70.75595138593542,723.6582581106123
732,92.62240146032777,802.6884241973511
733,121.82744657856965,1160.9685173543974
734,91.20423842871494,102.7638260938927
735,0.0,1899.1300445175964
736,120.61860540946233,745.6937363199586
737,169.76519723623414,458.72564757541284
738,129.66181854206056,1166.1949315454915
739,86.63353933676187,1726.7366054232048
740,156.99112991850708,856.118822335863
741,47.91083783142357,1082.2812125250682
742,78.36031128528758,825.7499813615715
743,112.98101264956996,838.2555190820196
744,163.04468694796913,697.9472818750747
745,143.49272902952117,1666.5363928140177
746,125.6764082211295,955.4413544923926
747,91.12330271346661,382.2686188648047
748,97.98932676566707,1503.2918868966196
749,23.629377728401558,339.2479215724392
750,97.9649852911751,848.970321887811
751,124.46990747210009,711.1134465732534
752,107.35402463599758,2435.8894854388614
753,94.50976746356606,1355.7751457910533
754,123.03152434824504,1395.0781687387516
755,59.76324872451237,405.81928024594947
756,145.24068548860546,2017.4588143239544
757,94.30446896069971,942.41052936763
758,58.924773218515625,661.6401468966245
759,77.12961497236388,443.5483135564193
760,49.860965174562075,1876.3049831930139
761,6.027530296994111,1730.1528607673208
762,50.71059313388804,944.2077064653337
763,46.84761026114109,1784.5464731783038
764,129.31791505924656,273.6861420664623
765,14.944822834474943,965.1978018777546
766,112.50060539469109,885.6771851832997
767,177.06432655328203,1034.080400575797
768,86.19645941457674,1475.7321510085337
769,84.00049267986324,1746.2911189124297
770,138.07973483124383,1832.200883448355
771,153.9164146279444,2070.26768225531
772,112.81803373667437,1343.0745420146877
773,164.65379110450314,508.2658779288819
774,104.70527205640951,1301.2719419845216
775,46.53160779124858,1097.0220034863078
776,165.94490303478867,406.7715976709688
777,126.2738642237929,768.3106365608372
778,159.3193086109765,1723.243621342474
779,166.16717264639013,1145.4692123163948
780,142.05518606067608,302.74655936322023
781,132.19754848045048,850.5007941533777
782,155.3583380003721,1994.2814916247446
783,93.5881066739001,2070.5890609217636
784,154.55825153475442,2072.3834407255376
785,104.87294018296349,373.3725931701523
786,67.31347332551222,1667.179047835785
787,165.379126009977,875.4643319591229
788,122.80696552525741,904.6604004893402
789,163.75712089754543,441.3486684184801
790,114.99189532097125,1353.0536182095793
791,171.28025349371057,857.1972256547048
792,155.96106573469274,1619.7602476524332
793,129.32964265746202,461.17073077805816
794,161.17528998076162,961.0096931707016
795,104.40002130713388,1249.8991685127291
796,128.35848086376174,1169.980797480746
797,69.67686317162442,1336.6375084354386
798,61.60698057831536,985.606290386675
799,128.65980825583316,1793.0775822863804
800,57.23611150989026,806.6796102107771
801,166.92537718319008,797.5729490770433
802,121.07903963558039,1214.4155671198498
803,155.71853990535067,1352.4724273499232
804,94.62415132850073,860.5044840286763
805,108.73492398462257,2033.7110590254094
806,52.41865005981378,702.746563361864
807,73.58641611769218,1089.2240651959432
808,44.73226466143798,351.6845779387976
809,166.74715045766666,975.0201748014705
810,144.46232220847628,524.0246352176849
811,95.73022170098866,651.6722563509865
812,42.39743779294458,339.86937361999406
813,104.91840132655545,1585.0229423156813
814,44.15332597617086,157.2317714362548
815,120.34324888204159,346.87625341214806
816,82.1082975709704,275.9447056684033
817,64.78004454654028,1913.4839496483605
818,148.2558724821276,2162.376683107097
819,141.46981998982756,2062.5360916849927
820,136.25707241675138,617.6288627558037
821,171.40408856278145,1255.036419449646
822,111.1048385867611,1090.5582588313682
823,145.38402068677104,985.2595693019658
824,167.52953827626234,1803.0950473921575
825,135.96017456616687,1948.3170774384826
826,166.3633022166519,1154.5637597212276
827,118.90918365449257,1437.057816985754
828,131.78451600982572,1083.3650546739955
829,93.09405805846167,972.3691413305072
830,35.706691398428546,834.6844275227938
831,78.91743053782375,1233.4403542009345
832,174.18751761545812,1520.363825350804
833,106.52579639026803,1291.9031117113268
834,83.87091923486119,385.14976142345546
835,82.26640190091474,1341.075688568899
836,156.209226132548,1063.95511629587
837,147.91781284129388,1051.0085310908323
838,76.85893024190871,777.3630511799308
839,122.41844994859814,935.9188749222144
840,171.3935264828499,788.4775347470979
841,128.48019824778873,1562.4528221574656
842,150.20803919059142,1093.4350867964715
843,112.80454047095508,755.2864471507584
844,135.72522429813762,1019.6867832958791
845,72.22867917520226,1234.5306421101654
846,168.62852535936815,1334.5573658259646
847,112.10944834039705,1072.3266478340433
848,52.467076640247456,823.4993434867308
849,93.90854429451389,774.6032822462229
850,22.597870408468673,2289.26573859423
851,57.42594286561023,1905.5840127499612
852,32.57405713430493,271.2680408496659
853,57.396281084353085,318.206282982707
854,0.0,1250.6593721832583
855,82.6476206398943,1782.0842219315587
856,82.64762064005964,208.95619188116555
857,172.70884059697133,1436.7312120060326
858,82.6095907908099,587.3565958722033
859,172.5562835905849,394.77638487829
860,110.55604521958347,1127.637936546725
861,42.105487308734375,1012.376092980739
862,28.36904629493113,393.67032635701906
863,53.61564818425767,944.5634519262832
864,79.6111421845752,1416.6653304279819
865,81.70285503016314,1066.806562156248
866,70.12312780436699,2077.523724052235
867,71.61431666743017,1568.0055482372054
868,80.53767779197439,548.6391379724109
869,57.3965961603609,1084.0421613843166
870,73.32886949268368,1047.4229462108228
871,98.42696902138475,409.9432745485603
872,91.19348942383735,1165.3140671701453
873,26.86780016713643,322.7117663879824
874,55.64566334617587,343.79284203444763
875,36.20945681541623,554.2230168202622
876,118.13440598095147,1310.6840037165468
877,10.784297867157173,976.262881789411
878,63.60247986419241,1138.8266097407611
879,11.706436728225485,1188.0827580591447
880,27.458673711553757,965.9154243436586
881,36.607074801993576,821.6124524069653
882,3.4064437541881554,704.463069964226
883,59.45242825207349,483.6573924431475
884,26.190165929546716,1804.9877955760558
885,143.65254179007493,279.87099629535516
886,118.42816040244628,641.4941086987222
887,137.15296278933894,339.21802251811675
888,80.13419305768056,248.01361129751922
889,119.53878225915011,1169.8786482100263
890,73.72032679785144,2199.481103703878
891,115.3814224843527,250.76137410478123
892,93.19654905125425,1837.97032667126
893,75.12320449680045,1639.928288380977
894,83.8453434226635,307.3591322266806
895,66.69316821812644,1358.3562153615608
896,129.84609143845591,872.5778011323753
897,88.06429891884294,1200.6859630905556
898,98.08263278799805,483.70765544824735
899,135.23922942182787,1244.3931805795542
900,115.17271956000148,1820.743360150425
901,153.20792364310006,263.9915925619146
902,84.185969430975,1470.2186582866257
903,152.83622050936066,1036.15940337369
904,95.56784468297482,1566.7668908642868
905,64.70529117201123,1812.6618882315672
906,64.84339724548154,1680.834931844028
907,110.1655402280234,372.6922972824377
908,127.15067609905502,776.7185172891715
909,159.46614524289393,1707.7339118149284
910,89.81275955699427,677.2474540078256
911,65.10676241807695,801.7013331230141
912,173.84815662291905,221.7203065174973
913,83.33038015778395,1371.997106550597
914,150.23495833118298,995.5792315603236
915,141.12418605932072,1179.1836557512179
916,88.7054004820565,976.102337417406
917,36.11934085063224,1601.954952543345
918,142.0667297152457,379.08175402543327
919,45.44203581934622,462.61534527338586
920,122.18894935466014,697.2599404859502
921,15.798995853624692,1199.951617229605
922,132.2736890063313,1052.0323200730195
923,75.75864125235847,1451.2578012167364
924,3.9004937384381257,685.5063944023494
925,107.00417687606418,277.75323671860355
926,161.52334108043837,388.8745552272161
927,150.8657078034645,854.1768386979358
928,49.137593584381406,1210.0948749585148
929,47.01347549562861,1680.6842557683729
930,20.556045218869627,639.4027384025866
931,45.463923298552984,1868.7039896539477
932,111.07474464527013,1725.5996600960661
933,108.24585452801642,1167.6665042668023
934,158.81567115372422,1350.2340659843314
935,45.27283498272684,1352.748422910274
936,113.38522105766087,1137.6419680109595
937,75.60482134025395,2132.0673854053716
938,122.01722117869308,1678.880886104093
939,74.38901146556212,1972.4346271968354
940,120.3271629560383,1437.0625793473084
941,27.825453847221915,873.2096706130807
942,37.08109756068064,1406.3410148377836
943,91.90211277456847,694.7783397202229
944,107.94353017158372,1735.7344330279382
945,104.03624346774484,1098.3419232130007
946,15.757910380797137,380.701491846084
947,111.52345281269383,1186.460068971911
948,160.59767216184449,1259.0401798250928
949,133.3381128416678,1686.3991438504202
950,135.62959860784147,1589.0357053742778
951,147.7185612083415,1912.5171013563638
952,144.8381848393208,2088.725608887067
953,179.0308029487246,1771.855328403823
954,123.51631285208563,1432.5610377299233
955,90.5683918647214,1026.1881713840091
956,13.216324063697643,1168.1722291436151
957,44.863581735501796,1847.9678165819303
958,10.895503682761463,1166.196961135612
959,100.12927261728989,263.3050654293205
960,12.74370292557814,1061.63185176084
961,24.229779752541862,895.248751931659
962,43.66778014612217,986.8570598842085
963,5.762632885851662,229.15498446722427
964,60.86055768650071,1383.607273844391
965,153.26288994278434,803.7697207917975
966,42.377598539454866,388.297080470056
967,42.63675335914744,1805.687431769879
968,158.96248897440628,2084.1496400082674
969,140.3009265165081,1369.4843998554954
970,76.8659776931644,1060.8039750719702
971,34.73121506815008,910.7710462867631
972,63.91583735860911,1188.4921861949722
973,17.273293921527944,1140.858331379094
974,31.959930053519663,521.0274912708388
975,1.358951564014477,1097.3523855105602
976,38.88449643373017,1114.6534358671252
977,87.68293761387281,896.6363032041479
978,62.880765857116806,559.7503738593005
979,3.4670775387832298,856.9382154412152
980,64.92558065947395,1280.3766277892175
981,5.922763039904756,60.13089370889766
982,1.0715946525581697,1471.0685649312836
983,64.55319290312337,319.12679857037074
984,137.08256528134802,1798.8457907205297
985,44.82095127234751,1082.168117315562
986,11.359113388564971,851.2971368384775
987,33.821592757277045,378.4950410267096
988,24.260579571943264,253.07617505899995
989,36.65747499263212,115.2481189400988
990,12.162835386307984,1178.9810635954088
991,78.52041699219144,965.3795883055552
992,122.30971345234366,938.621481297716
993,57.758080021178564,1198.9404898083396
994,1.2137120588835293,427.57360223680035
995,77.35287386422767,738.2033060764974
996,1.8384143316461221,679.5618191125616
997,63.48523031899437,337.56048637416006
998,86.09950625755381,1171.3363638339872
999,129.96775402619923,865.1648741694047
1000,136.7081154359388,1124.6371794742329
1001,140.38931176091486,1439.9080873445228
1002,131.69543608511674,1152.7924587309944
1003,66.38004514236077,1423.719378990927
1004,68.19859051373034,694.3445523050096
1005,80.7000458432887,354.9107705054826
1006,86.475971416174,1939.033022673927
1007,155.43282867883573,179.48916808763468
1008,122.68055474343174,1899.1961498765606
1009,84.27977570118027,1103.3418410950828
1010,19.767168675331437,941.988351096891
1011,84.83955984812823,785.7307932652195
1012,150.9697253178188,1446.7120525315465
1013,65.0428291930413,1189.661823465684
1014,17.304829645741467,789.6818173095542
1015,70.53094363231534,790.3341553454576
1016,36.665635482651,198.0576125256929
1017,75.69309646318347,627.4077925163008
1018,126.9605554489306,905.3930636739118
1019,71.54456645164299,529.0621615766926
1020,54.64939147734776,978.3876998087479
1021,121.4721488690931,1659.557846075055
1022,179.57469449644037,1310.8905753820957
1023,80.27242144833393,594.8003257078717
1024,107.84020430772348,1106.8840856739594
1025,107.98733465229044,1534.09697462339
1026,97.92374513038357,634.0453712551797
1027,94.19219362813105,1345.713724115357
1028,15.239440558797574,1178.119724238399
1029,8.677956724206885,458.69892257906764
1030,59.12076430736015,1812.8803838160566
1031,1.4659106372895352,910.1918797329156
1032,9.62815612827924,1699.2478727920886
1033,2.036756151567658,911.5543560135809
1034,13.827938178608717,1249.4047898542779
1035,26.4845796295933,918.0782192184441
1036,28.953963054782175,571.7491913485742
1037,17.91984188845488,1392.661942120625
1038,12.922714632718725,1446.3642347679859
1039,0.8112134648015937,418.31748355419643
1040,25.33879405063975,835.2966199704475
1041,12.018011915132993,1790.0032326716855
1042,30.123460316154407,178.79116932304828
1043,2.0497109419511754,1616.7820443310911
1044,31.871258410664776,287.6779989770542
1045,60.60245312200879,1210.583024453226
1046,54.176776809145125,1099.5897029428684
1047,129.71875937166288,421.4021505733917
1048,89.4665351597454,1220.774273228673
1049,106.22019369591409,1677.2273183788895
1050,50.78754878788383,1470.6640726654769
1051,55.86578804114375,1258.0261922530538
1052,90.0,1457.3846059654968
1053,54.893920669740886,176.15791967806965
1054,36.10599918446469,600.2356216035809
1055,87.22978420288636,1165.3374834222834
1056,73.21269879766848,744.9036136400254
1057,158.74949447409034,592.3715677028653
1058,117.11070877069183,604.0067039095577
1059,174.45879522177844,868.8562907691555
1060,116.56505117675103,902.452994105086
1061,29.9059371751133,923.2628298389285
1062,113.17167845437785,1014.865580023574
1063,84.6184529476945,1572.8192412272485
1064,56.023455964230884,2445.784466285777
1065,57.81977516302668,1969.9217829508339
1066,69.9156285085163,401.37985052691323
1067,118.77980630430828,1727.2586994763649
1068,64.34916558368373,714.9770801811329
1069,98.90432251918513,1302.0124129618912
1070,178.7811247637275,1484.6315553325453
1071,107.90444750661898,1273.88499824666
1072,93.52145337623415,355.15705971791124
1073,51.892423122892,1206.5881571833038
1074,118.74966196739642,521.3101451959202
1075,49.53777250869613,949.1685272456078
1076,130.35796218740464,1506.579446015691
1077,68.17721149235187,1335.9363695557236
1078,51.601606898243276,699.1617735770036
1079,122.79953127202285,780.6380094451081
1080,53.98694340108635,910.2272821409878
1081,137.12109639601425,963.3318540252516
1082,46.25445162188676,1325.162495115626
1083,72.08948302580765,1148.3827402622057
1084,32.437679458032186,331.30996488660344
1085,65.16930663828654,1200.1931106277611
1086,79.98717078862673,727.8689307382274
1087,59.81631934263493,1072.0471681134782
1088,21.19405647565583,1195.2268348089763
1089,14.396136848287457,429.42827518872326
1090,59.843172923351794,762.2688949562496
1091,63.100541455033465,663.2913926857138
1092,29.25796005057293,814.2550284053788
1093,81.16658534855057,411.53065361832984
1094,131.52008249559188,1992.3525532104816
1095,25.529697987024374,14.974401633097308
1096,49.01752104325838,2152.222450152745
1097,106.6992442370533,636.0682758085197
1098,95.06942013267707,761.7192432323804
1099,164.39337785701576,1706.2140544679917
1100,79.23572511941413,1220.3226046114569
1101,88.63607246851855,1617.1007565243488
1102,66.52538240200894,1476.0662446963086
1103,104.39517865948531,1460.2690959928273
1104,176.6875409989813,971.367831717692
1105,154.23067237349045,1033.0592537149016
1106,179.1449026029348,1028.446897747147
1107,136.04162667737387,1939.8944751002134
1108,154.5519951749963,973.5755682299232
1109,27.953767766306104,412.71464759052054
1110,37.83063708176145,1410.8840364259777
1111,85.25042898177253,724.1788530089326
1112,83.22043205488623,475.36516629367117
1113,8.180229881851355,441.9511986321321
1114,101.4379961401748,1124.3840885392956
1115,82.08109756160043,472.62453119479085
1116,115.35231762690454,868.8667017355901
1117,96.05419189405805,716.2460293494097
1118,32.09129817465455,533.3674905802544
1119,29.180806055276214,915.6201766323348
1120,164.2638645983689,1325.282134359346
1121,97.4376168765791,393.44317479287315
1122,47.275136198101194,1207.9572982329337
1123,107.84361429703522,1196.7442541095506
1124,79.96687944619505,1980.068255320504
1125,12.570296318530445,384.1202443580374
1126,95.69395673289586,980.4600811845622
1127,169.9630975464375,1642.3786615013894
1128,135.9516696085172,1360.7675992417512
1129,52.907162702532425,344.33259547455077
1130,132.0934386164077,1024.1619779656774
1131,74.26992716284356,1609.4065616354017
1132,78.35285709396047,739.4110406790089
1133,150.73759807412878,66.26809172225634
1134,114.62356478609001,595.1042332019924
1135,158.67242489006296,1200.3722700056073
1136,152.2048603747935,939.6903135571978
1137,132.642908711045,230.68096835555426
1138,150.39017037878827,690.5986734587982
1139,154.30394059696775,705.5440035917597
1140,127.24332853697666,1259.3277271993495
1141,155.9585096557703,1227.1394468116948
1142,66.03751102537927,1710.738283139684
1143,131.43754541634337,197.0853941275148
1144,70.66223771637011,374.3859972804916
1145,33.43256013816007,1223.0394054205603
1146,55.43021996569104,353.377266141227
1147,58.457517902020506,778.906817930365
1148,64.64130723032054,576.2252193199467
1149,80.67268662926143,1388.7924027031574
1150,82.51911382048134,660.2013799358552
1151,65.0782294772009,109.8749304809167
1152,61.71399471354702,723.1971987470184
1153,76.35029455557522,311.06369494222656
1154,59.629697320900185,90.93754526115576
1155,41.79120963594412,1647.8458572946963
1156,61.68693315150711,1121.9655928124562
1157,26.56505117692866,1491.7477793188928
1158,70.05242573990812,1132.9348594875707
1159,69.57605943970373,1361.9397940216822
1160,58.38596087077133,689.2218698488024
1161,92.56955138639053,1606.1180873014828
1162,96.64307410254871,976.9705383620487
1163,76.32247823794029,728.3333972418311
1164,66.3706222695495,396.22444772585123
1165,53.38868890058693,494.45172087256105
1166,54.13715101399299,1037.6906517089387
1167,72.89727103066927,727.8461862843692
1168,73.46394688440105,763.9201849037241
1169,67.90210788465826,402.50228525800327
1170,73.89485791577938,1265.1906905554624
1171,56.85721879723149,913.6557728659349
1172,132.5280440613234,1018.4680080303895
1173,87.3728864733028,191.13307946716452
1174,65.76346428957636,866.6140397906081
1175,94.65825410978015,652.862882163312
1176,69.14171151650213,392.6599389082123
1177,41.24924413987884,1151.903405787108
1178,81.99931674048092,602.901490153275
1179,81.6236837288173,1230.5003090082737
1180,44.14490260324119,1182.2435874934063
1181,42.68698472681619,1683.9271211425216
1182,63.04725161320966,557.216315028804
1183,57.81198059018052,893.9446218024633
1184,89.19983164063694,230.1604859992367
1185,91.32605437679779,2347.6138539614385
1186,146.1779147817695,1857.8345897336164
1187,158.22507954538705,907.6215876070607
1188,114.6097668865548,1077.7555347519979
1189,156.64443514045385,1920.9239999946644
1190,108.72578784543907,1074.9395722840916
1191,155.36599755695354,254.39896840192924
1192,105.52411099662962,901.6350049767486
1193,22.497657601319606,540.4631078374462
1194,132.1455107420529,419.7481233500527
1195,177.41309452117483,1695.5754732631713
1196,115.22627911541055,1592.060358021933
1197,144.68445515906862,2100.742963207144
1198,155.13630342790788,628.426077993428
1199,144.0832716911963,403.2939486002405
1200,117.29957221154596,1395.7793317275266
1201,107.45369413233162,654.2114335538225
1202,97.02685921121434,1913.8639921232048
1203,68.01756179688941,1223.21027936318
1204,47.11286660986597,639.184094854642
1205,157.29362915885898,892.961000876809
1206,22.960630637565547,1118.7941549107602
1207,85.28662755117789,1917.2693941723169
1208,29.703452684928166,262.92969000013545
1209,14.87918087391223,669.7688604924133
1210,76.62555953510636,742.4701750685458
1211,14.210545605783013,814.0750786639028
1212,83.38653951774862,961.8573779293995
1213,46.780642445936074,587.3041511561081
1214,33.49857165011795,742.9520598654251
1215,30.263604511636373,2178.2284253599546
1216,17.228900041862584,1882.2792779851447
1217,30.730983315025902,1652.0079169802063
1218,93.7844799094389,1397.382398237932
1219,99.4007800413228,182.84472451902354
1220,77.18263176728804,1101.3399715184717
1221,61.370150901053464,1998.48179211296
1222,109.20767741538089,712.7980757805277
1223,97.43140797114434,470.76044677911625
1224,161.9819088291689,400.26307553614424
1225,133.99169838312645,788.1565356378219
1226,83.05282823086044,1278.9363227906626
1227,55.98397086296543,335.6777303322846
1228,161.86981308778215,937.5279592989745
1229,54.75796344221514,2010.0331118312918
1230,78.50955211958085,1700.1645589616148
1231,84.71774471233387,320.3720563376903
1232,99.11786275362057,805.6690055733679
1233,127.93327028487018,1264.4480585748836
1234,118.83228234466928,959.4965608403705
1235,88.54364136570818,1502.3327926933287
1236,174.47562239013718,1050.7263424786163
1237,146.80427550919043,530.4900391036821
1238,173.58539819058754,305.1744772269919
1239,121.65716630249165,1539.5215070749932
1240,178.09988903581305,884.9630556362563
1241,123.11134195790245,1097.0464723201678
1242,81.17716593154879,2151.766383047033
1243,56.8499795262749,665.5998534377247
1244,101.84997952655662,1652.1277565414969
1245,108.20848447037243,1018.1352721856533
1246,63.43494882582206,634.7583820189506
1247,98.06693172979648,1070.8485507687271
1248,131.20991837266925,639.937956214183
1249,164.82708465144046,720.6659950647112
1250,81.30449712299246,418.2515844261601
1251,166.34645165879817,945.0755798787793
1252,153.91776699825994,1358.1610054710384
1253,63.244281375391346,51.732231031762204
1254,86.42366562521893,1205.1684327448443
1255,70.39292255577904,1550.3688829037046
1256,154.98310652263672,1834.018799584011
1257,62.300527185735696,1126.4917986888875
1258,69.51101964961522,693.1801874274781
1259,7.5946433751450435,1403.8953794877111
1260,78.90896151184293,1136.276579714546
1261,101.90426571562003,959.2126537564174
1262,122.74881957645503,847.54168661053
1263,160.21716389621736,1293.6464074567007
1264,100.56101069080287,1319.5892819087078
1265,160.55996517259345,434.5155534641989
1266,19.11670864558507,696.6113192176889
1267,53.89585696918024,1100.5139336661803
1268,21.250505506350887,1479.6449766432117
1269,67.39526065277843,991.9439911379441
1270,99.5222550106813,733.6485503079273
1271,98.14604885510782,1550.2606819810546
1272,73.77472463885407,1876.0745235795978
1273,14.406685157858842,552.5546360378529
1274,5.069420134619296,1361.118322279593
1275,5.29008120723526,1387.1538409351483
1276,89.42127443468995,1293.3570688730265
1277,31.718368554927746,930.029037605146
1278,66.55193742095223,2603.625173538132
1279,91.93213693893053,1081.3621529575212
1280,77.1469122233551,637.6300087627242
1281,127.39016284313013,1464.9726079763468
1282,26.003345843710132,130.68867614223151
1283,93.0447784442528,1192.9881786591166
1284,76.07252864515927,1672.7592993647677
1285,82.66322619061026,317.48676905399867
1286,83.03653147345372,1135.9311169325847
1287,132.5633517535478,1640.306319929489
1288,102.48615312573922,1975.0903985425018
1289,101.68936917567159,204.3135522644211
1290,117.45674228545805,1723.2210645831537
1291,99.86580694296963,550.3800615873517
1292,109.88118706843244,1444.9802545801322
1293,75.34324888363005,1024.5289599899972
1294,116.01237591215138,1612.9266516876446
1295,153.43494881418735,884.3500232684562
1296,111.14952609194627,452.1245526175604
1297,164.55368362694304,393.9226441310164
1298,123.69006752590299,2007.9193818383726
1299,105.53551995297522,1496.8883987959348
1300,125.29888823264085,309.7926479797447
1301,75.55096987363765,911.4155772960523
1302,129.13664393997126,2165.7501200615707
1303,82.32552048318846,783.9041056034735
1304,30.629998488892788,1135.8979433024676
1305,118.42120922456982,1071.9678406127996
1306,151.8214098900243,553.0658374266922
1307,98.3806132228626,657.3477117887129
1308,60.945395900616965,502.72201686950154
1309,128.92754360324236,1439.0002691899122
1310,88.59454794400558,585.9481160644709
1311,122.67868672779403,681.8459123892512
1312,132.75425743561723,755.5777757765786
1313,45.744059204111934,1407.9449639980123
1314,121.02368933455314,663.6127743485105
1315,91.88228244280332,2199.2100378504756
1316,168.02386755469766,1433.407349876729
1317,106.01778471816937,897.2026434975695
1318,73.57302892381279,1117.7351979323369
1319,57.160614266561474,309.732301237075
1320,131.0509353588211,823.5281343275477
1321,144.65497709572315,460.8786827266727
1322,140.6418888594311,633.7350117966548
1323,45.71615994303464,1051.1659218142695
1324,138.08810803232493,602.4138842517904
1325,112.53845004087077,1097.3174069664049
1326,170.9670303027505,1267.6863730074458
1327,118.93082857442599,1207.4322606908304
1328,50.996270732057766,1544.7843924185465
1329,97.39959465960362,1603.0326730987501
1330,66.84878932862932,258.2256735130462
1331,123.11134195879629,2157.4030050339293
1332,77.69946112108033,2202.396265327063
1333,59.69241644243443,1084.849098828221
1334,96.70983680816006,1042.1468049900586
1335,35.02794231267624,1153.9230617250782
1336,81.29262972848042,1150.454197119332
1337,75.85420450592292,1362.163163108063
1338,64.0715423987373,1542.1971194600087
1339,90.0,1790.42447985033
1340,46.23197740244862,1978.012472704536
1341,84.17018276090559,1710.1858074731306
1342,3.308213533111267,897.6888373086766
1343,71.56505117743279,635.9382861728566
1344,98.50870331631329,1262.866546837298
1345,166.13310317123882,1258.545309193646
1346,106.83166875745937,332.4486263267359
1347,66.2437449429678,916.2927141719838
1348,164.39337785713647,341.32102062912503
1349,76.31250914342496,1836.8761567844672
1350,94.99794209398833,1709.2173040298542
1351,157.33544256480664,1292.926953654159
1352,94.91732854666716,1599.333747184722
1353,19.653824058327686,1980.590690229106
1354,61.33604288979835,757.181542476573
1355,99.09027692083677,821.9587918629984
1356,24.70545183745586,1600.1950059153348
1357,118.61045966415962,1249.101962983947
1358,144.97907757430585,1298.9863975124863
1359,153.26417204095307,1375.5926808801053
1360,169.80401175270904,953.9521644566248
1361,118.43117081915842,1475.889062740568
1362,134.08334574458164,660.8580194313671
1363,95.30598596977603,617.4155511870508
1364,71.70937273481734,1052.8728046458439
1365,102.20911975907097,572.8935405381234
1366,73.74842374089904,885.1159403368462
1367,122.69946112190482,1173.0488353622654
1368,55.85010463071888,985.5766463417988
1369,169.39738689439113,1043.7716225644465
1370,126.99527114184883,2154.156366944852
1371,98.86826283305201,1286.9478806532477
1372,38.6598082560687,373.44325228003834
1373,149.07696540840442,715.1819170837177
1374,148.64840103686288,1086.6283242968877
1375,86.98721249578713,553.682638177785
1376,109.7399686664789,1383.3883702168343
1377,80.91992713601991,300.5018289739551
1378,23.34766852729082,998.9264845841877
1379,107.39751288564555,1144.4883622618333
1380,22.58140108526402,280.1385823376205
1381,81.62814473648923,805.0508589479535
1382,77.94260262400161,2064.5058358954875
1383,49.72733258333008,409.85522908528276
1384,108.67293615412285,210.88991305101706
1385,101.21709803265102,357.7979555722258
1386,97.33978909472773,734.2655288531137
1387,77.91029189893825,1745.2103209566392
1388,12.701038993157313,1654.2266744911353
1389,72.25532837501221,675.931155529532
1390,98.74616226260876,402.2405347558407
1391,42.735245452352295,839.0804070470577
1392,37.201083434163465,1084.840041468617
1393,80.41705527656862,797.1755050853151
1394,119.85901616480841,710.6498663583262
1395,128.11016254319335,715.5837463171445
1396,86.874884916302,332.9374810371379
1397,106.46486340139697,579.3734139513913
1398,130.03549750373728,1652.683116468824
1399,77.51191423091187,401.41948439256214
1400,138.2236677387122,949.7208282859206
1401,0.0,1109.1764876846214
1402,37.657519133710146,1191.5714115668904
1403,28.962734939855995,968.0320870042224
1404,66.38636070622235,908.4201625399352
1405,13.555675039622304,337.02846986988243
1406,3.7888898791989525,556.9088155498454
1407,43.667780145401075,402.816555412108
1408,102.5903829452108,674.9108876139952
1409,0.7538483337731469,641.7893569733869
1410,95.92276303947662,2110.648976130523
1411,32.00538320537715,1814.3034441838256
1412,75.50110686934289,621.9034508581029
1413,75.94500791366536,1247.3893244568042
1414,66.32532618838293,2058.1424740006382
1415,110.56731725935518,2166.695429115656
1416,135.97102193056605,590.7973830513911
1417,123.8297562691146,501.85614563023745
1418,57.21174793638598,571.7039420269374
1419,94.41862046692067,1329.9814306008523
1420,106.21374126053243,922.4384697526366
1421,104.66584207627575,617.6624956314473
1422,88.38393334934864,278.3296022539227
1423,149.10307366237544,1284.3717842756234
1424,126.23170299672975,1564.5930347222434
1425,72.12912642157313,1275.0238192922247
1426,56.90674192546789,1151.2919583677285
1427,8.801708322855339,785.2434218040593
1428,73.77980630474451,1128.0007927253964
1429,108.43494882317466,1017.5601351680012
1430,177.3974377950591,1079.7927524090542
1431,82.40535663157037,1418.1133702588945
1432,177.07679706812422,1369.639022254433
1433,70.78290482300434,908.0311457031092
1434,176.75265720666724,485.67792246450097
1435,141.8817236305026,1323.7319678437123
1436,122.87290896548632,801.9509782235949
1437,40.661733210385535,1634.0036081492617
